code,system
D303000,readv2
D306.00,readv2
D303600,readv2
D303611,readv2
D306.11,readv2
88A8.11,readv2
D307211,readv2
D303100,readv2
D303111,readv2
42Qr.00,readv2
D307212,readv2
42P2.00,readv2
42P8.00,readv2
D314300,readv2
D313200,readv2
42P2.11,readv2
D313z00,readv2
C391211,readv2
D313.15,readv2
D314100,readv2
G756100,readv2
Dyu3200,readv2
D314200,readv2
D313.00,readv2
D315.00,readv2
D313.12,readv2
D313011,readv2
D313012,readv2
D313000,readv2
L363.00,readv2
L363z00,readv2
D314z00,readv2
D314y00,readv2
D314.00,readv2
D313.11,readv2
D311.00,readv2
D311z00,readv2
9b93100,readv2
D301.12,readv2
D302.00,readv2
D300.12,readv2
N032000,readv2
D302.11,readv2
D301.00,readv2
D300.00,readv2
B937400,readv2
D313z11,readv2
D313300,readv2
42QB.11,readv2
42Qj.00,readv2
42QB.00,readv2
D305100,readv2
D305000,readv2
D305.00,readv2
Q451z00,readv2
Q451y11,readv2
D300.11,readv2
D303200,readv2
D307000,readv2
D303400,readv2
D303300,readv2
D303500,readv2
D313100,readv2
D306.12,readv2
D311.11,readv2
42P3.00,readv2
B937411,readv2
B937500,readv2
B937.12,readv2
BBs4.00,readv2
D307200,readv2
D307z00,readv2
D307.00,readv2
D31..00,readv2
D31yz00,readv2
D31z.00,readv2
Dyu3300,readv2
Dyu3400,readv2
D311000,readv2
D313111,readv2
D307100,readv2
C290.00,readv2
D304.00,readv2
42Ql.00,readv2
D303.00,readv2
D303y00,readv2
D303z00,readv2
D301.11,readv2
Dyu3000,readv2
D30..00,readv2
D307y00,readv2
D313y00,readv2
D302.12,readv2